<?xml version="1.0" encoding="utf-8"?>
<!--/1015721/764789/2.50/4/0/Crystal or Oscillator/-->
<quadcept_library>
  <setting unit="mil" />
  <textstyle name="Default" height="47.244094488189" strokewidth="7.8740157480315" charwidth="47.244094488189" />
  <textstyle name="Dimension" height="19.6850393700787" strokewidth="0" charwidth="19.6850393700787" />
  <textstyle name="H127W0635TH00762" height="50" strokewidth="3" charwidth="25" />
  <textstyle name="H15W15TH02" height="59.0551181102362" strokewidth="7.8740157480315" charwidth="59.0551181102362" />
  <padstyle name="r85_75" surface="True" plated="False" isvia="False" nopaste="False" nomask="True" complex="False" holesize="0">
    <padshape layer="TOP" shape="rectangle" width="29.527559055118" height="33.464566929133" />
    <padshape layer="TOP_SOLDER_MASK" shape="rectangle" width="37.401574803149" height="41.338582677165" />
    <padshape layer="TOP_SOLDER_PASTE" shape="rectangle" width="29.527559055118" height="33.464566929133" />
  </padstyle>
  <footprint name="NX2016SA32MEXS00ACS06465" originx="0" originy="0" pickpointx="0" pickpointy="0">
    <pcbpin number="1" name="1" style="r85_75" originx="-26.574803149606" originy="-20.669291338582" rotation="90" />
    <pcbpin number="2" name="2" style="r85_75" originx="26.574803149606" originy="-20.669291338582" rotation="90" />
    <pcbpin number="3" name="3" style="r85_75" originx="26.574803149606" originy="20.669291338582" rotation="90" />
    <pcbpin number="4" name="4" style="r85_75" originx="-26.574803149606" originy="20.669291338582" rotation="90" />
    <line layer="TOP_ASSEMBLY" originx="-39.370078740157" originy="31.496062992126" endx="39.370078740157" endy="31.496062992126" width="7.8740157480314" />
    <line layer="TOP_ASSEMBLY" originx="39.370078740157" originy="31.496062992126" endx="39.370078740157" endy="-31.496062992126" width="7.8740157480314" />
    <line layer="TOP_ASSEMBLY" originx="39.370078740157" originy="-31.496062992126" endx="-39.370078740157" endy="-31.496062992126" width="7.8740157480314" />
    <line layer="TOP_ASSEMBLY" originx="-39.370078740157" originy="-31.496062992126" endx="-39.370078740157" endy="31.496062992126" width="7.8740157480314" />
    <line layer="TOP_PLACE_BOUND" originx="-82.67716535433" originy="74.803149606298" endx="82.67716535433" endy="74.803149606298" width="3.9370078740157" />
    <line layer="TOP_PLACE_BOUND" originx="82.67716535433" originy="74.803149606298" endx="82.67716535433" endy="-74.803149606298" width="3.9370078740157" />
    <line layer="TOP_PLACE_BOUND" originx="82.67716535433" originy="-74.803149606298" endx="-82.67716535433" endy="-74.803149606298" width="3.9370078740157" />
    <line layer="TOP_PLACE_BOUND" originx="-82.67716535433" originy="-74.803149606298" endx="-82.67716535433" endy="74.803149606298" width="3.9370078740157" />
    <line layer="TOP_SILKSCREEN" originx="-31.496062992126" originy="-55.11811023622" endx="-31.496062992126" endy="-55.11811023622" width="3.9370078740157" />
    <arc layer="TOP_SILKSCREEN" originx="-29.527559055118" originy="-55.11811023622" startangle="180.0" sweepangle="180.0" radius="1.9685039370078" width="3.9370078740157" />
    <line layer="TOP_SILKSCREEN" originx="-27.55905511811" originy="-55.11811023622" endx="-27.55905511811" endy="-55.11811023622" width="3.9370078740157" />
    <arc layer="TOP_SILKSCREEN" originx="-29.527559055118" originy="-55.11811023622" startangle=".0" sweepangle="180.0" radius="1.9685039370078" width="3.9370078740157" />
  </footprint>
  <symbol name="NX2016SA-32M-EXS00A-CS06465" originx="0" originy="0">
    <line originx="200" originy="100" endx="1400" endy="100" width="0" />
    <line originx="1400" originy="-200" endx="1400" endy="100" width="0" />
    <line originx="1400" originy="-200" endx="200" endy="-200" width="0" />
    <line originx="200" originy="100" endx="200" endy="-200" width="0" />
    <sympin number="1" originx="200" originy="-100" rotation="180" length="100" width="7.8740157480315" flipped="False">
      <text name="pinname" originx="230" originy="-100" style="Default" rotation="0" justify="left" flipped="False" hidden="False" data="CRYSTAL_1" />
      <text name="pindes" originx="140" originy="-80" style="Default" rotation="0" justify="lowerright" flipped="False" hidden="False" data="1" />
    </sympin>
    <sympin number="2" originx="1400" originy="-100" rotation="0" length="100" width="7.8740157480315" flipped="False">
      <text name="pinname" originx="1370" originy="-100" style="Default" rotation="0" justify="right" flipped="False" hidden="False" data="GND_1" />
      <text name="pindes" originx="1460" originy="-80" style="Default" rotation="0" justify="lowerleft" flipped="False" hidden="False" data="2" />
    </sympin>
    <sympin number="3" originx="1400" originy="0" rotation="0" length="100" width="7.8740157480315" flipped="False">
      <text name="pinname" originx="1370" originy="0" style="Default" rotation="0" justify="right" flipped="False" hidden="False" data="CRYSTAL_2" />
      <text name="pindes" originx="1460" originy="20" style="Default" rotation="0" justify="lowerleft" flipped="False" hidden="False" data="3" />
    </sympin>
    <sympin number="4" originx="200" originy="0" rotation="180" length="100" width="7.8740157480315" flipped="False">
      <text name="pinname" originx="230" originy="0" style="Default" rotation="0" justify="left" flipped="False" hidden="False" data="GND_2" />
      <text name="pindes" originx="140" originy="20" style="Default" rotation="0" justify="lowerright" flipped="False" hidden="False" data="4" />
    </sympin>
  </symbol>
  <component name="NX2016SA-32M-EXS00A-CS06465" designatorprefix="Y" height="19.685039370078" footprint="NX2016SA32MEXS00ACS06465">
    <comppin designator="1" sympin="1" pinswap="0" gateswap="0" gate="1" group="1" side="" type="Any" name="CRYSTAL_1" />
    <comppin designator="2" sympin="2" pinswap="0" gateswap="0" gate="1" group="1" side="" type="Any" name="GND_1" />
    <comppin designator="3" sympin="3" pinswap="0" gateswap="0" gate="1" group="1" side="" type="Any" name="CRYSTAL_2" />
    <comppin designator="4" sympin="4" pinswap="0" gateswap="0" gate="1" group="1" side="" type="Any" name="GND_2" />
    <attached_symbol gate="1" name="NX2016SA-32M-EXS00A-CS06465" />
    <pinmap designator="1" footprintpin="1" />
    <pinmap designator="2" footprintpin="2" />
    <pinmap designator="3" footprintpin="3" />
    <pinmap designator="4" footprintpin="4" />
    <text name="Datasheet" originx="0" originy="0" style="Default" rotation="0" justify="" flipped="False" hidden="True" data="http://www.ndk.com/images/products/catalog/c_NX2016SA_e.pdf" />
    <text name="Description" originx="0" originy="0" style="Default" rotation="0" justify="" flipped="False" hidden="True" data="CRYSTAL 32MHZ 10PF SMD" />
    <text name="Manufacturer_Name" originx="0" originy="0" style="Default" rotation="0" justify="" flipped="False" hidden="True" data="NDK" />
    <text name="Manufacturer_Part_Number" originx="1450" originy="200" style="Default" rotation="0" justify="left" flipped="False" hidden="False" data="NX2016SA-32M-EXS00A-CS06465" />
    <text name="Mouser Part Number" originx="0" originy="0" style="Default" rotation="0" justify="" flipped="False" hidden="True" data="344-NX2016SA32S06465" />
    <text name="Mouser Price/Stock" originx="0" originy="0" style="Default" rotation="0" justify="" flipped="False" hidden="True" data="https://www.mouser.co.uk/ProductDetail/NDK/NX2016SA-32M-EXS00A-CS06465?qs=w%2Fv1CP2dgqr82b0JjRnv4A%3D%3D" />
    <text name="Arrow Part Number" originx="0" originy="0" style="Default" rotation="0" justify="" flipped="False" hidden="True" data="" />
    <text name="Arrow Price/Stock" originx="0" originy="0" style="Default" rotation="0" justify="" flipped="False" hidden="True" data="" />
  </component>
</quadcept_library>
